emp_no,first_name,last_name,birth_date,from_date,to_date,title
10681,Florina,Garnier,1964-12-25,2002-01-08,9999-01-01,Staff
10786,Patricia,dAstous,1964-05-19,2001-12-10,9999-01-01,Senior Engineer
11209,Xuejun,Penn,1964-06-25,2000-02-08,9999-01-01,Engineer
11618,Gian,Juneja,1964-02-08,2001-08-13,9999-01-01,Staff
12152,Amalendu,Nyrup,1964-01-18,2000-08-16,9999-01-01,Senior Staff
12577,Takushi,Schrift,1964-05-09,2000-10-13,9999-01-01,Engineer
13528,Fumitaka,Liesche,1964-02-21,2002-02-03,9999-01-01,Senior Staff
13644,Shmuel,Spataro,1964-02-25,2001-04-25,9999-01-01,Engineer
14025,Stevo,Takanami,1964-08-03,2001-08-07,9999-01-01,Staff
14062,Khalid,Luon,1964-12-16,2000-11-13,9999-01-01,Engineer
15293,Pantung,Puppo,1964-04-29,2000-08-09,9999-01-01,Technique Leader
15449,Yinghua,Kropf,1964-04-17,2001-03-27,9999-01-01,Senior Staff
16428,Arun,Chinin,1964-09-05,2000-06-02,9999-01-01,Senior Staff
16701,Yongqiao,Picht,1964-10-21,2000-01-17,9999-01-01,Staff
16989,Limsoon,Ruther,1964-11-06,2002-03-23,9999-01-01,Assistant Engineer
17050,Koldo,Oppitz,1964-10-25,2001-08-19,9999-01-01,Engineer
17533,Xuejia,Perin,1964-11-25,2000-02-05,9999-01-01,Technique Leader
18168,Shugo,Stassinopoulos,1964-08-09,2001-08-26,9999-01-01,Technique Leader
18304,Moon,Kowalchuk,1964-12-30,2001-06-09,9999-01-01,Staff
19026,Zhongwei,Arlazarov,1964-05-01,2000-01-07,9999-01-01,Staff
19045,Gio,Zaccaria,1964-05-19,2000-12-07,9999-01-01,Senior Engineer
21195,Sadegh,Krider,1964-06-14,2000-01-07,9999-01-01,Staff
21382,Shuji,Asrin,1964-10-27,2000-04-19,9999-01-01,Engineer
21637,Yefim,Luby,1964-04-28,2000-01-14,9999-01-01,Senior Staff
21703,Kensei,Kawashima,1964-12-18,2002-01-14,9999-01-01,Staff
22203,Xiahua,Rehfuss,1964-09-21,2001-09-29,9999-01-01,Senior Staff
22223,Inderjeet,Openshaw,1964-07-29,2002-07-21,9999-01-01,Staff
22575,Takahiro,Ciolek,1964-05-02,2001-06-22,9999-01-01,Engineer
22694,Shuky,Nastansky,1964-02-27,2000-01-21,9999-01-01,Senior Engineer
22939,Aloke,Spieker,1964-01-28,2002-01-07,9999-01-01,Engineer
23044,Pintsang,Honglei,1964-05-27,2001-07-23,9999-01-01,Senior Engineer
23440,Sadun,Hanratty,1964-09-28,2000-06-09,9999-01-01,Technique Leader
23863,Eben,Keustermans,1964-10-28,2000-01-18,9999-01-01,Engineer
23923,Kiyotoshi,Frolund,1964-05-16,2000-07-31,9999-01-01,Senior Staff
24104,Chaosheng,Sankaranarayanan,1964-11-16,2001-07-16,9999-01-01,Technique Leader
25047,Vatsa,Eldridge,1964-10-03,2000-07-15,9999-01-01,Senior Staff
25066,Ortrun,Fujisawa,1964-08-01,2001-02-13,9999-01-01,Senior Staff
25466,Chiranjit,Herber,1964-12-27,2001-04-23,9999-01-01,Staff
25661,Saddek,Beausoleil,1964-09-14,2002-03-20,9999-01-01,Senior Staff
26209,Luerbio,Gadepally,1964-08-21,2000-09-13,9999-01-01,Senior Engineer
26931,Chriss,Fioravanti,1964-11-12,2002-01-15,9999-01-01,Engineer
27558,Kensei,Pargas,1964-07-29,2001-03-01,9999-01-01,Senior Engineer
27746,Mark,Lunn,1964-11-29,2001-08-29,9999-01-01,Senior Staff
28062,Ramalingam,Vidal,1964-08-17,2000-10-26,9999-01-01,Engineer
28206,Elvia,Spataro,1964-07-19,2001-05-01,9999-01-01,Engineer
28840,Francesca,Lichtman,1964-01-03,2000-01-29,9999-01-01,Engineer
29157,Jinxi,Prampolini,1964-02-05,2000-07-13,9999-01-01,Assistant Engineer
29473,Lansing,Falby,1964-08-18,2001-08-15,9999-01-01,Staff
30464,Kerryn,Billingsley,1964-04-01,2001-08-20,9999-01-01,Technique Leader
30732,Uriel,Strehl,1964-04-05,2002-01-03,9999-01-01,Staff
30823,Francoise,Cooley,1964-03-02,2002-07-19,9999-01-01,Engineer
30881,Eric,Glowinski,1964-10-25,2000-10-19,9999-01-01,Senior Staff
31245,Woody,Maliniak,1964-07-01,2000-11-14,9999-01-01,Staff
31419,Panayotis,Eterovic,1964-09-10,2001-10-16,9999-01-01,Engineer
31640,Conor,Rosiles,1964-06-25,2000-01-17,9999-01-01,Engineer
31978,Sadegh,Itschner,1964-07-23,2002-02-03,9999-01-01,Engineer
32185,Kinh,DiGiano,1964-03-04,2000-01-20,9999-01-01,Engineer
32327,Divine,Cesareni,1964-08-01,2000-01-02,9999-01-01,Engineer
32484,Adly,Janocha,1964-01-27,2000-01-31,9999-01-01,Engineer
32651,Berhard,Claffy,1964-09-20,2001-01-10,9999-01-01,Staff
34127,Zsolt,Grospietsch,1964-06-06,2001-03-12,9999-01-01,Senior Engineer
34199,Patricio,Shackel,1964-03-25,2002-05-07,9999-01-01,Engineer
34465,Marek,Unni,1964-07-19,2000-11-17,9999-01-01,Senior Staff
34782,Eishiro,Hardjono,1964-10-03,2000-01-07,9999-01-01,Staff
34903,Chinho,Servi,1964-05-01,2000-09-26,9999-01-01,Engineer
35055,Weiwu,Erdi,1964-11-04,2000-05-16,9999-01-01,Engineer
35076,Brewster,Falco,1964-05-28,2000-01-10,9999-01-01,Senior Staff
35177,Barna,Douceur,1964-08-26,2000-09-14,9999-01-01,Engineer
37191,Elzbieta,Castellani,1964-10-21,2000-03-01,9999-01-01,Staff
37468,Gila,Nicolson,1964-11-17,2002-02-13,9999-01-01,Senior Engineer
37574,Dulce,Falster,1964-05-20,2002-04-20,9999-01-01,Senior Staff
37790,Ayakannu,Christianini,1964-04-30,2001-05-26,9999-01-01,Engineer
38069,Youjian,Verspoor,1964-11-20,2001-12-10,9999-01-01,Assistant Engineer
38956,Tesuro,Flanders,1964-12-04,2000-02-24,9999-01-01,Senior Staff
39057,Rafail,Ferriere,1964-01-07,2000-01-12,9999-01-01,Technique Leader
39214,Duke,Birsak,1964-06-10,2000-04-13,9999-01-01,Staff
39432,Ymte,Leivant,1964-09-02,2000-01-08,9999-01-01,Engineer
39548,Ger,Iivonen,1964-12-03,2001-12-07,9999-01-01,Engineer
39565,Mircea,Kisuki,1964-06-15,2001-07-15,9999-01-01,Senior Staff
39877,Uli,Strandh,1964-10-31,2000-12-08,9999-01-01,Engineer
41028,Augustine,Miara,1964-05-25,2001-11-22,9999-01-01,Senior Staff
42043,Franziska,Daescu,1964-05-01,2002-02-05,9999-01-01,Engineer
42110,Jaewoo,Zeleznik,1964-02-04,2001-08-15,9999-01-01,Staff
42138,Felicidad,Leslie,1964-01-17,2002-04-30,9999-01-01,Senior Staff
42313,Fumino,Gilg,1964-06-01,2000-06-10,9999-01-01,Engineer
42428,Goo,Staelin,1964-12-11,2000-07-13,9999-01-01,Senior Staff
43688,Tetsushi,Masada,1964-07-14,2000-02-14,9999-01-01,Engineer
44049,Sergi,Cochrane,1964-09-28,2000-01-03,9999-01-01,Senior Staff
44655,Arto,Plump,1964-08-04,2002-02-10,9999-01-01,Staff
44969,Arup,Georg,1964-09-24,2000-02-14,9999-01-01,Engineer
45118,Leen,Hebert,1964-06-27,2001-08-08,9999-01-01,Engineer
45158,Chenxi,Marshall,1964-06-30,2001-04-11,9999-01-01,Senior Staff
45764,Shigeichiro,Chachaty,1964-11-05,2002-02-26,9999-01-01,Engineer
46264,Sergi,Engberts,1964-11-02,2000-08-12,9999-01-01,Assistant Engineer
46785,Dannz,Brodie,1964-10-22,2000-02-04,9999-01-01,Engineer
47395,Fabrizio,Wrigley,1964-09-11,2002-03-29,9999-01-01,Senior Engineer
47826,Temple,Hooghiemstra,1964-07-15,2000-05-18,9999-01-01,Senior Staff
47835,Apostol,Strandh,1964-03-12,2002-02-04,9999-01-01,Senior Engineer
49108,Christophe,Butterworth,1964-01-16,2001-08-16,9999-01-01,Staff
49421,Susanna,Boudaillier,1964-05-03,2002-01-10,9999-01-01,Senior Staff
49730,Guangming,Junet,1964-07-06,2001-07-27,9999-01-01,Senior Engineer
49965,Chinhyun,Hennings,1964-05-23,2001-05-03,9999-01-01,Staff
50451,Fumiya,Leijenhorst,1964-10-30,2001-07-22,9999-01-01,Staff
50497,Zsolt,Yetim,1964-02-29,2000-09-25,9999-01-01,Senior Staff
50515,Wonhee,Camurati,1964-02-23,2002-02-04,9999-01-01,Engineer
50811,Goo,Schrift,1964-05-25,2000-05-25,9999-01-01,Staff
51511,Akemi,Mitsuhashi,1964-06-19,2001-03-31,9999-01-01,Staff
51762,Kousuke,Moehrke,1964-12-29,2000-09-17,9999-01-01,Senior Staff
52325,Adas,Heinisuo,1964-08-09,2000-10-14,9999-01-01,Senior Staff
52519,Rafail,Gargeya,1964-04-11,2001-11-19,9999-01-01,Senior Staff
53625,Leen,Worfolk,1964-07-24,2001-12-02,9999-01-01,Assistant Engineer
53653,Martial,Narahara,1964-07-11,2000-07-29,9999-01-01,Staff
54252,Shuky,Fontan,1964-06-30,2000-08-09,9999-01-01,Engineer
54317,Abdulla,Krider,1964-05-27,2002-04-16,9999-01-01,Staff
54723,Shay,Bellmore,1964-05-24,2002-01-10,9999-01-01,Senior Staff
55292,Anneke,Bennet,1964-06-10,2000-12-23,9999-01-01,Assistant Engineer
56233,Gunilla,Cincotta,1964-04-15,2001-11-09,9999-01-01,Engineer
56932,Zhiwei,Ashish,1964-02-02,2002-02-07,9999-01-01,Engineer
57147,Sigeru,Rebaine,1964-05-18,2001-06-10,9999-01-01,Staff
57430,Along,Borstler,1964-07-12,2000-01-08,9999-01-01,Staff
57434,Jaques,Hennings,1964-07-11,2001-12-03,9999-01-01,Engineer
57742,Huican,Karlin,1964-11-12,2000-05-23,9999-01-01,Senior Staff
57772,Tomoyuki,Stamatiou,1964-08-11,2001-10-19,9999-01-01,Staff
57810,Greger,Kakkad,1964-02-06,2001-02-19,9999-01-01,Staff
58188,Sadegh,Brendel,1964-05-21,2000-01-19,9999-01-01,Staff
58313,Ronghao,Engelmann,1964-03-27,2000-01-22,9999-01-01,Engineer
58450,Stepehn,Taubenfeld,1964-11-09,2001-10-18,9999-01-01,Staff
59786,Gennadi,Swan,1964-12-04,2001-11-25,9999-01-01,Engineer
59963,Odinaldo,Zuberek,1964-08-01,2000-09-24,9999-01-01,Staff
60667,Niclas,Dayana,1964-04-18,2001-12-31,9999-01-01,Senior Engineer
61502,Nathan,Wegerle,1964-09-02,2001-03-27,9999-01-01,Senior Staff
61770,Yannik,Streit,1964-04-05,2001-01-30,9999-01-01,Senior Staff
61890,Carrsten,Gajiwala,1964-03-10,2002-05-06,9999-01-01,Engineer
62152,Mabhin,Thiran,1964-10-27,2002-04-21,9999-01-01,Engineer
62161,Yakichi,Zuberek,1964-11-22,2000-11-09,9999-01-01,Engineer
62976,Conal,Lagarias,1964-07-04,2001-08-20,9999-01-01,Senior Staff
63364,Pantung,Stanger,1964-12-16,2001-09-14,9999-01-01,Senior Staff
63433,Khosrow,Czaja,1964-12-03,2000-07-06,9999-01-01,Senior Engineer
63761,Kwangsub,Mamelak,1964-12-31,2002-05-27,9999-01-01,Engineer
63966,Froduald,Kolinko,1964-06-10,2000-01-04,9999-01-01,Senior Engineer
64044,Phillip,Desikan,1964-02-07,2001-01-28,9999-01-01,Senior Staff
64470,Diederik,Streit,1964-02-01,2001-08-09,9999-01-01,Staff
65635,Gully,Vecchi,1964-03-18,2002-02-23,9999-01-01,Staff
65853,Nahid,Facello,1964-06-21,2000-04-18,9999-01-01,Engineer
66199,Georgi,Lally,1964-02-19,2000-11-25,9999-01-01,Senior Staff
66696,Toshiko,Heyers,1964-05-30,2002-07-20,9999-01-01,Senior Staff
66706,Susuma,Dymetman,1964-06-30,2000-06-09,9999-01-01,Engineer
66874,Boalin,Kabayashi,1964-03-10,2002-03-05,9999-01-01,Engineer
67248,Tsz,Bellone,1964-05-13,2000-01-19,9999-01-01,Senior Staff
67344,Wilmer,Perl,1964-08-25,2001-11-05,9999-01-01,Engineer
67384,Nevin,Matzat,1964-01-01,2001-12-15,9999-01-01,Senior Staff
68356,Elliott,Zeilberger,1964-04-01,2000-01-08,9999-01-01,Staff
68609,Frederique,Dulin,1964-08-20,2001-04-12,9999-01-01,Senior Staff
68686,Macha,Wielonsky,1964-04-30,2002-02-16,9999-01-01,Engineer
69104,Basil,Bernick,1964-04-09,2001-12-23,9999-01-01,Senior Staff
69344,Nirmal,Perelgut,1964-12-21,2000-08-01,9999-01-01,Engineer
69618,Khaled,Henseler,1964-04-19,2001-04-17,9999-01-01,Senior Engineer
69814,Ymte,Schiettecatte,1964-07-29,2000-01-17,9999-01-01,Senior Staff
69989,Przemyslawa,Speek,1964-12-07,2001-06-16,9999-01-01,Staff
71408,Kristinn,Rajala,1964-01-12,2002-07-25,9999-01-01,Senior Staff
71900,Kersti,Taubman,1964-10-29,2000-10-08,9999-01-01,Staff
72403,Radoslaw,Shinomoto,1964-04-28,2001-05-03,9999-01-01,Senior Engineer
72420,Aamod,Deverell,1964-05-02,2002-05-02,9999-01-01,Staff
72730,Marc,Trelles,1964-05-25,2001-04-26,9999-01-01,Engineer
73653,Mohd,Luiz,1964-05-24,2000-06-24,9999-01-01,Staff
73818,Zito,Perko,1964-09-07,2001-06-02,9999-01-01,Staff
74029,Shigeaki,Georgakopoulos,1964-01-30,2001-02-28,9999-01-01,Assistant Engineer
74285,Ekawit,Linnainmaa,1964-02-09,2000-08-25,9999-01-01,Engineer
74293,Kasidit,Cherinka,1964-01-09,2000-08-27,9999-01-01,Engineer
74370,Horward,Stemann,1964-08-26,2000-08-05,9999-01-01,Engineer
74430,Guttorm,Chimia,1964-01-02,2002-01-05,9999-01-01,Staff
74467,Reinhold,Horswill,1964-11-17,2001-10-13,9999-01-01,Staff
74789,Adit,Sigstam,1964-05-10,2000-07-11,9999-01-01,Engineer
75268,Vidar,Rikino,1964-08-21,2001-08-01,9999-01-01,Engineer
75522,Vasiliy,Khalil,1964-11-25,2002-01-01,9999-01-01,Senior Engineer
75599,Sanjeeva,Picht,1964-07-06,2001-07-03,9999-01-01,Engineer
76418,Ortrud,Dichev,1964-07-20,2002-05-05,9999-01-01,Senior Engineer
76910,Adam,Eiron,1964-11-23,2000-10-23,9999-01-01,Engineer
77253,Malu,McAffer,1964-07-22,2000-03-27,9999-01-01,Senior Staff
77532,Roselyn,Schlegelmilch,1964-01-09,2001-09-28,9999-01-01,Senior Staff
77624,Khaled,Lieberherr,1964-12-02,2000-07-13,9999-01-01,Senior Staff
77966,Panayotis,Garnham,1964-03-07,2002-01-30,9999-01-01,Staff
79403,Monique,Bauknecht,1964-12-07,2002-01-01,9999-01-01,Engineer
80901,Kazuhisa,Wissmann,1964-02-09,2002-03-02,9999-01-01,Senior Staff
81145,Chaitali,Rosaz,1964-03-23,2002-06-19,9999-01-01,Senior Staff
81242,Jaideep,Maquelin,1964-05-18,2001-11-24,9999-01-01,Senior Engineer
81834,Kazuhira,Vigier,1964-01-29,2001-06-14,9999-01-01,Engineer
82338,King,Christianini,1964-08-27,2000-10-08,9999-01-01,Engineer
82703,Xiadong,Wixon,1964-01-23,2002-03-29,9999-01-01,Senior Staff
82771,Takahiro,Merli,1964-04-30,2001-02-27,9999-01-01,Technique Leader
83214,Khosrow,Sommer,1964-10-12,2001-07-09,9999-01-01,Engineer
83892,Angus,Mitzlaff,1964-12-05,2000-09-03,9999-01-01,Engineer
83991,Arra,Parfitt,1964-08-26,2000-11-01,9999-01-01,Staff
83995,Xiaoshan,Baer,1964-10-24,2000-01-28,9999-01-01,Senior Staff
84488,Georgy,Roisin,1964-07-27,2001-03-31,9999-01-01,Senior Engineer
84670,Goo,Cromarty,1964-01-06,2000-02-17,9999-01-01,Senior Staff
85014,Zhigen,Chinal,1964-02-11,2000-01-04,9999-01-01,Senior Staff
85867,Vasiliy,Stiles,1964-05-30,2001-08-11,9999-01-01,Staff
86141,Frazer,Litzkow,1964-02-09,2001-09-27,9999-01-01,Senior Staff
86187,Frederique,Ossenbruggen,1964-06-20,2001-11-20,9999-01-01,Senior Staff
86389,Francesca,Takkinen,1964-04-13,2000-07-17,9999-01-01,Senior Staff
87567,Diederik,Kavanagh,1964-07-03,2001-05-24,9999-01-01,Senior Staff
89368,Tse,Ecklund,1964-05-08,2002-07-18,9999-01-01,Engineer
90248,Aiman,Yemenis,1964-06-13,2000-01-22,9999-01-01,Staff
90860,Christophe,Turnbull,1964-06-12,2001-03-02,9999-01-01,Senior Staff
91577,Elrique,Brendel,1964-01-20,2000-03-09,9999-01-01,Staff
91804,Anestis,Irland,1964-09-19,2001-06-14,9999-01-01,Staff
92037,Yishay,Laurillard,1964-07-07,2000-05-01,9999-01-01,Engineer
92679,Sajjan,Dayang,1964-08-27,2000-01-28,9999-01-01,Staff
92934,Arto,Einsfeld,1964-10-17,2002-03-06,9999-01-01,Engineer
93469,Khue,Norsworthy,1964-02-09,2001-05-02,9999-01-01,Engineer
93518,Oscal,Rusmann,1964-02-05,2001-01-09,9999-01-01,Senior Staff
94128,Pohua,Pulkowski,1964-01-10,2002-02-15,9999-01-01,Senior Staff
94286,Hongzue,Besselaar,1964-04-24,2000-07-31,9999-01-01,Senior Staff
94434,Shushma,Terkki,1964-04-03,2001-01-27,9999-01-01,Senior Staff
94472,Arve,Foong,1964-04-03,2001-03-22,9999-01-01,Staff
94712,Masadi,Reinhart,1964-10-17,2000-11-26,9999-01-01,Senior Staff
94873,Vidya,Cools,1964-02-19,2000-01-17,9999-01-01,Engineer
95255,Hitofumi,Atrawala,1964-07-02,2000-09-26,9999-01-01,Senior Staff
95666,Spyrose,Vanwelkenhuysen,1964-03-07,2000-01-18,9999-01-01,Staff
96316,DAIDA,Genther,1964-11-06,2001-11-28,9999-01-01,Engineer
97332,Sadun,Hasenauer,1964-05-11,2000-01-05,9999-01-01,Staff
97858,Yuriy,Fiutem,1964-04-01,2000-12-08,9999-01-01,Senior Staff
98629,Tesuro,Rodite,1964-01-04,2000-01-06,9999-01-01,Technique Leader
98669,Bernd,Lorho,1964-02-27,2000-08-15,9999-01-01,Engineer
98873,Taegyun,Rohrbach,1964-02-25,2002-04-02,9999-01-01,Engineer
99219,Tran,Waeselynck,1964-10-08,2001-06-10,9999-01-01,Staff
99469,Paraskevi,Kemmerer,1964-01-15,2002-03-01,9999-01-01,Senior Staff
99640,Mori,Danner,1964-03-13,2000-01-03,9999-01-01,Staff
99666,Jackson,Kropp,1964-05-25,2001-12-15,9999-01-01,Senior Staff
100038,Srinidhi,Krohn,1964-04-17,2000-01-15,9999-01-01,Senior Engineer
100454,Jouni,Rabejac,1964-09-04,2002-01-06,9999-01-01,Staff
100526,Huei,Sewelson,1964-07-16,2001-09-24,9999-01-01,Engineer
101447,Gonzalo,Staylopatis,1964-01-21,2001-07-16,9999-01-01,Engineer
101839,Parke,Bhattacharjee,1964-08-22,2000-01-03,9999-01-01,Engineer
101988,Akemi,Maierhofer,1964-01-09,2001-12-25,9999-01-01,Staff
103051,Shounak,Oehlmann,1964-04-05,2001-06-07,9999-01-01,Engineer
103514,Marsha,Schmezko,1964-02-20,2000-02-26,9999-01-01,Staff
103966,Weijing,Leijenhorst,1964-12-08,2000-01-24,9999-01-01,Senior Engineer
105090,Arfst,Waterhouse,1964-12-14,2000-02-19,9999-01-01,Technique Leader
105231,Alper,Kushnir,1964-02-19,2000-02-24,9999-01-01,Engineer
107022,Pranay,Basagni,1964-10-14,2001-01-14,9999-01-01,Engineer
107168,Wojceich,Kolinko,1964-12-06,2001-02-10,9999-01-01,Engineer
107548,Rosella,Hmelo,1964-04-12,2000-01-18,9999-01-01,Staff
108769,Brewster,Ozeki,1964-10-12,2000-08-14,9999-01-01,Engineer
108790,Leaf,Fetvedt,1964-06-22,2002-02-09,9999-01-01,Engineer
109192,Baruch,Barbanera,1964-04-04,2000-10-25,9999-01-01,Staff
200214,Fusako,DeMori,1964-01-19,2000-07-27,9999-01-01,Technique Leader
200420,Byong,Schapire,1964-03-15,2001-01-07,9999-01-01,Staff
200682,Masato,Orlowski,1964-11-02,2000-01-30,9999-01-01,Staff
200737,Rajmohan,Jording,1964-02-05,2002-04-01,9999-01-01,Technique Leader
200996,Tonia,Niizuma,1964-06-15,2000-07-03,9999-01-01,Staff
201844,Perry,Gente,1964-06-09,2001-12-24,9999-01-01,Senior Staff
202938,Krister,Haraldson,1964-12-05,2000-08-26,9999-01-01,Engineer
203128,Guozhong,Domenig,1964-07-04,2002-03-01,9999-01-01,Senior Staff
203507,Shem,Bratten,1964-10-14,2002-03-09,9999-01-01,Engineer
204385,Fumino,Tchuente,1964-12-08,2002-06-12,9999-01-01,Staff
204434,Ung,Wrigley,1964-02-15,2000-01-07,9999-01-01,Senior Staff
204462,Bodh,Majewski,1964-07-26,2002-07-25,9999-01-01,Staff
204627,Shao,Riexinger,1964-06-02,2000-01-06,9999-01-01,Engineer
205047,Danae,Cappello,1964-02-25,2001-09-01,9999-01-01,Engineer
205175,King,Yoshimura,1964-05-28,2000-08-14,9999-01-01,Engineer
205195,Aamod,Feinberg,1964-05-17,2001-06-08,9999-01-01,Senior Staff
207144,Kiam,Perelgut,1964-04-20,2002-05-20,9999-01-01,Senior Staff
207981,Eric,Beetstra,1964-08-27,2002-06-15,9999-01-01,Staff
208038,Gurbir,Siochi,1964-09-07,2000-09-28,9999-01-01,Assistant Engineer
208251,Berni,Plumb,1964-10-10,2000-04-07,9999-01-01,Senior Engineer
208939,Krisda,Preusig,1964-07-09,2000-07-16,9999-01-01,Engineer
209270,Adam,Baja,1964-07-13,2000-01-05,9999-01-01,Engineer
209411,Dinkar,Uchoa,1964-01-27,2000-09-01,9999-01-01,Engineer
209673,Rayond,Assaf,1964-02-23,2002-06-12,9999-01-01,Assistant Engineer
209755,Douadi,Ligten,1964-08-30,2001-10-24,9999-01-01,Staff
210757,Isamu,Demri,1964-03-22,2001-02-13,9999-01-01,Staff
210938,Valdiodio,Egerstedt,1964-08-30,2001-05-10,9999-01-01,Senior Engineer
210979,Kauko,Undy,1964-04-18,2000-08-25,9999-01-01,Senior Staff
211942,Hercules,Ushiama,1964-11-25,2001-03-29,9999-01-01,Engineer
212344,Saddek,Karlin,1964-01-03,2000-11-28,9999-01-01,Engineer
212557,Kerhong,Hemaspaandra,1964-10-18,2000-09-25,9999-01-01,Engineer
212661,Shin,Anily,1964-11-01,2001-02-27,9999-01-01,Engineer
212891,Yurij,Levergood,1964-07-30,2001-08-29,9999-01-01,Engineer
212947,Snehasis,Passino,1964-08-12,2000-08-22,9999-01-01,Senior Staff
213110,Moon,Chiodo,1964-10-21,2002-05-16,9999-01-01,Staff
213331,Subbu,Luft,1964-04-02,2001-08-19,9999-01-01,Assistant Engineer
214527,Duke,Mandell,1964-10-28,2001-08-29,9999-01-01,Assistant Engineer
215269,Werner,Wossner,1964-09-19,2001-01-09,9999-01-01,Senior Staff
215699,Gregory,Rettelbach,1964-09-26,2002-05-31,9999-01-01,Engineer
215795,Lokesh,Cooman,1964-05-11,2001-03-29,9999-01-01,Engineer
215908,Odysseas,Jording,1964-12-02,2002-06-21,9999-01-01,Staff
216434,Vidya,Veevers,1964-03-24,2000-07-31,9999-01-01,Engineer
216495,Bingning,Guting,1964-02-25,2001-06-14,9999-01-01,Senior Staff
216565,Sangeeta,Alvarado,1964-08-04,2001-02-03,9999-01-01,Engineer
217650,Ger,Clouatre,1964-04-17,2002-03-12,9999-01-01,Engineer
217812,Gal,Krybus,1964-12-19,2001-07-30,9999-01-01,Senior Staff
217821,Chuanti,Peir,1964-07-23,2001-01-28,9999-01-01,Staff
218108,Douadi,Camurati,1964-07-04,2002-01-22,9999-01-01,Senior Staff
218464,Mana,Fordan,1964-06-27,2000-05-07,9999-01-01,Engineer
219740,Zine,Schiettecatte,1964-09-14,2000-08-17,9999-01-01,Technique Leader
219793,Nitsan,Lampe,1964-03-02,2002-03-29,9999-01-01,Senior Staff
219954,Nobuyoshi,Mikschl,1964-01-10,2000-01-03,9999-01-01,Staff
220002,Chrisa,Bojadziev,1964-04-18,2000-01-26,9999-01-01,Engineer
220005,Toshiko,Wrigley,1964-09-04,2002-06-25,9999-01-01,Senior Staff
220365,Tonny,Menhardt,1964-01-12,2000-01-14,9999-01-01,Staff
221364,Branimir,Leslie,1964-01-17,2001-05-22,9999-01-01,Senior Engineer
221949,Gopalakrishnan,Tsunoo,1964-01-25,2002-01-15,9999-01-01,Technique Leader
222409,Arve,Herath,1964-01-07,2000-01-30,9999-01-01,Staff
224428,Uli,Neiman,1964-09-19,2000-05-28,9999-01-01,Staff
224546,Lansing,Armand,1964-03-17,2000-05-06,9999-01-01,Senior Engineer
224641,Sangeeta,Litzler,1964-02-03,2000-09-20,9999-01-01,Engineer
225027,Somnath,Tischendorf,1964-10-15,2001-06-28,9999-01-01,Engineer
225040,Spyrose,Butterworth,1964-12-12,2000-01-13,9999-01-01,Engineer
225144,Maris,Hoppenstand,1964-06-04,2001-02-11,9999-01-01,Engineer
225264,Badri,Bahl,1964-01-02,2000-01-18,9999-01-01,Staff
225278,Michaela,Greenaway,1964-09-13,2000-11-19,9999-01-01,Staff
225471,Subbu,Vidya,1964-10-19,2002-01-04,9999-01-01,Engineer
225830,Takushi,Bernini,1964-06-06,2000-07-06,9999-01-01,Senior Engineer
226221,Martine,Randt,1964-10-28,2002-07-09,9999-01-01,Senior Staff
226372,Sanjiv,Haldar,1964-05-19,2000-01-18,9999-01-01,Technique Leader
226638,Rosalie,Ibel,1964-11-19,2000-01-13,9999-01-01,Senior Engineer
226823,Khun,Bondorf,1964-12-07,2001-02-12,9999-01-01,Engineer
227364,Palash,Stasinski,1964-07-21,2000-08-03,9999-01-01,Engineer
227541,Marco,Hiyoshi,1964-08-30,2000-01-13,9999-01-01,Engineer
228796,Jayesh,Undy,1964-10-01,2000-03-05,9999-01-01,Technique Leader
228998,Adil,Anger,1964-06-20,2001-07-23,9999-01-01,Engineer
230152,Georg,Baig,1964-02-15,2001-04-13,9999-01-01,Senior Engineer
231247,Padma,Chimia,1964-10-26,2002-03-17,9999-01-01,Senior Staff
231464,Duke,Warwick,1964-03-08,2000-08-28,9999-01-01,Senior Engineer
232302,Ayakannu,Pashtan,1964-03-23,2000-11-11,9999-01-01,Technique Leader
232556,Angus,Perfilyeva,1964-10-08,2000-01-12,9999-01-01,Senior Staff
232669,Dines,Homond,1964-08-06,2000-04-03,9999-01-01,Senior Staff
232959,Ioana,Zeilberger,1964-02-03,2002-06-27,9999-01-01,Staff
233289,Palash,Glinert,1964-05-25,2001-12-22,9999-01-01,Senior Engineer
233382,Bojan,Diderrich,1964-12-27,2001-03-11,9999-01-01,Senior Staff
233478,Hongzhu,Seghrouchni,1964-01-23,2001-07-23,9999-01-01,Engineer
234006,Mrinalini,Butner,1964-02-06,2000-07-29,9999-01-01,Engineer
234458,Hironoby,Sadowski,1964-05-10,2002-03-31,9999-01-01,Senior Staff
235199,Shen,Erev,1964-10-25,2000-01-24,9999-01-01,Staff
235909,Guadalupe,Thisen,1964-05-22,2001-01-17,9999-01-01,Engineer
236196,Qiwen,Escriba,1964-04-30,2000-01-09,9999-01-01,Staff
236583,Jordanka,Malabarba,1964-12-28,2002-01-28,9999-01-01,Staff
237004,Maik,Segond,1964-01-13,2000-01-27,9999-01-01,Senior Staff
237086,Ipke,Jansen,1964-08-26,2001-06-30,9999-01-01,Senior Staff
237524,Valeri,Baca,1964-06-20,2002-04-28,9999-01-01,Engineer
237966,Horward,Zedlitz,1964-02-17,2001-04-05,9999-01-01,Senior Staff
238136,Yuriy,Belinskaya,1964-10-16,2001-06-12,9999-01-01,Assistant Engineer
238482,Teiji,Muntz,1964-12-27,2001-03-26,9999-01-01,Engineer
238778,Caolyn,Beidas,1964-06-05,2002-06-20,9999-01-01,Senior Staff
239059,Piyawadee,Rosca,1964-03-11,2002-04-12,9999-01-01,Technique Leader
239389,Tamiya,Christ,1964-07-07,2002-07-22,9999-01-01,Staff
239399,Felicidad,Rosis,1964-02-08,2001-10-17,9999-01-01,Senior Staff
239551,Theirry,Baar,1964-05-21,2002-01-10,9999-01-01,Staff
239646,Yagil,Acton,1964-03-12,2000-10-25,9999-01-01,Engineer
240125,Bedir,Bazelow,1964-07-09,2000-11-27,9999-01-01,Engineer
240184,Nagui,Onuegbe,1964-01-10,2001-01-16,9999-01-01,Senior Engineer
240384,Iara,Breugel,1964-04-27,2000-12-17,9999-01-01,Senior Staff
240728,Satoru,Ramaiah,1964-09-02,2001-06-26,9999-01-01,Technique Leader
241127,Turgut,Takkinen,1964-09-25,2002-03-16,9999-01-01,Senior Engineer
241451,Florian,Gerlach,1964-04-17,2001-05-02,9999-01-01,Engineer
241603,Kazuhito,Bergere,1964-04-28,2000-05-13,9999-01-01,Staff
241630,Selwyn,Templeman,1964-01-27,2000-11-19,9999-01-01,Senior Staff
241780,Sumali,Gecsel,1964-05-16,2001-02-10,9999-01-01,Technique Leader
242229,Barton,Szmurlo,1964-03-26,2002-05-18,9999-01-01,Senior Staff
243072,Sungwon,Wielonsky,1964-03-23,2000-09-10,9999-01-01,Engineer
243118,Sanjai,Pokrovskii,1964-11-08,2000-12-28,9999-01-01,Engineer
243742,Jongsuk,Zykh,1964-07-15,2002-03-11,9999-01-01,Senior Staff
243976,Murthy,Gajiwala,1964-03-13,2001-12-02,9999-01-01,Senior Staff
244679,Muzhong,DuCasse,1964-08-20,2001-02-27,9999-01-01,Senior Engineer
244918,Bedrich,Schahn,1964-06-01,2001-07-21,9999-01-01,Engineer
246313,Shin,Terwilliger,1964-01-06,2000-04-29,9999-01-01,Senior Engineer
246368,Kristof,Openshaw,1964-07-03,2000-02-01,9999-01-01,Staff
246593,Tadanori,Zhiwei,1964-02-29,2000-03-10,9999-01-01,Staff
246733,Godehard,Baranowski,1964-11-25,2002-04-15,9999-01-01,Staff
246844,Rasiah,Guting,1964-10-21,2001-03-13,9999-01-01,Technique Leader
247682,Mabhin,Narahari,1964-07-01,2001-12-01,9999-01-01,Senior Staff
248464,Rafail,Ramaiah,1964-04-30,2000-01-16,9999-01-01,Assistant Engineer
249313,Utz,Stranks,1964-03-17,2002-05-15,9999-01-01,Senior Staff
250018,Gererd,Schmezko,1964-06-20,2000-07-28,9999-01-01,Engineer
251107,Kerryn,Slobodova,1964-12-20,2001-10-09,9999-01-01,Senior Engineer
251745,Yolla,Rosch,1964-09-10,2001-12-14,9999-01-01,Senior Staff
252268,Phuoc,Veldwijk,1964-02-17,2002-06-19,9999-01-01,Assistant Engineer
252503,Miquel,Vesna,1964-10-01,2001-03-02,9999-01-01,Engineer
252810,Arnd,Farris,1964-12-29,2002-03-28,9999-01-01,Engineer
252894,Shimshon,Greibach,1964-05-06,2001-11-28,9999-01-01,Engineer
253583,Duri,Driscoll,1964-10-02,2002-07-26,9999-01-01,Engineer
253978,JoAnne,Stroustrup,1964-12-22,2001-04-28,9999-01-01,Staff
254121,Moti,Erde,1964-04-30,2001-11-03,9999-01-01,Staff
254262,Shay,Boissier,1964-11-30,2002-05-17,9999-01-01,Assistant Engineer
254431,Dipayan,Clouatre,1964-09-20,2000-03-06,9999-01-01,Engineer
254539,Sergi,Papadias,1964-02-21,2000-01-13,9999-01-01,Engineer
254616,Kristin,Baek,1964-12-20,2002-07-10,9999-01-01,Senior Staff
254629,Pragnesh,Chinal,1964-07-24,2000-01-27,9999-01-01,Senior Engineer
254653,Anestis,Salvesen,1964-11-09,2000-01-28,9999-01-01,Senior Staff
255268,Anestis,Zobel,1964-11-02,2000-08-07,9999-01-01,Engineer
255643,Limsoon,Taubman,1964-12-16,2002-03-05,9999-01-01,Engineer
255661,Xiaoshan,Rusterholz,1964-10-05,2000-03-08,9999-01-01,Staff
255960,Mari,Feinberg,1964-02-22,2000-01-15,9999-01-01,Assistant Engineer
256072,Jayesh,Yetim,1964-04-09,2000-01-31,9999-01-01,Engineer
256675,Muneo,Soicher,1964-09-14,2001-02-06,9999-01-01,Assistant Engineer
256716,Khaled,Yoshimura,1964-11-02,2001-03-16,9999-01-01,Engineer
256884,Ingmar,Marquardt,1964-12-06,2000-11-29,9999-01-01,Senior Engineer
257087,Odysseas,Waeselynck,1964-06-14,2001-06-25,9999-01-01,Technique Leader
257233,Kazuhiko,Thombley,1964-04-25,2000-08-01,9999-01-01,Engineer
257330,Tuval,Desikan,1964-07-11,2000-10-06,9999-01-01,Engineer
257632,Quingbo,Wynblatt,1964-04-28,2002-05-27,9999-01-01,Senior Staff
257774,Barry,Garnick,1964-07-02,2000-01-30,9999-01-01,Assistant Engineer
257823,Bouchung,Gewali,1964-01-02,2002-01-24,9999-01-01,Senior Staff
258087,Zita,Marrevee,1964-08-14,2002-02-13,9999-01-01,Senior Staff
258229,Heeju,Herath,1964-10-11,2002-07-12,9999-01-01,Engineer
259218,Narain,Rettelbach,1964-01-03,2001-05-03,9999-01-01,Senior Staff
260135,Stella,Luga,1964-10-07,2002-01-19,9999-01-01,Assistant Engineer
260315,Unal,Skrikant,1964-06-10,2002-06-06,9999-01-01,Senior Staff
260691,Christophe,Henders,1964-02-11,2002-07-15,9999-01-01,Technique Leader
260738,Val,Sudkamp,1964-12-21,2000-11-22,9999-01-01,Engineer
260956,Shuky,Picht,1964-12-13,2002-06-04,9999-01-01,Staff
261105,Shin,Ginneken,1964-08-24,2002-03-08,9999-01-01,Senior Staff
261521,Kayoko,Baezner,1964-05-01,2000-05-08,9999-01-01,Engineer
261634,Torsten,Naumovich,1964-03-25,2001-07-23,9999-01-01,Staff
262085,Pohua,Oberman,1964-06-16,2002-02-05,9999-01-01,Senior Staff
262329,Randi,Kaelbling,1964-04-09,2001-11-21,9999-01-01,Senior Staff
262421,Edwin,Chinen,1964-07-16,2000-07-06,9999-01-01,Senior Engineer
262472,Hugh,Gips,1964-07-16,2000-12-03,9999-01-01,Staff
262540,True,Bisiani,1964-12-20,2002-03-31,9999-01-01,Technique Leader
262795,Franziska,Eugenio,1964-10-08,2000-12-17,9999-01-01,Senior Engineer
262835,Nigel,Manders,1964-09-09,2001-06-13,9999-01-01,Senior Engineer
263114,Karoline,Takkinen,1964-11-04,2000-05-24,9999-01-01,Staff
263700,Billie,Breugel,1964-12-06,2000-08-06,9999-01-01,Senior Staff
263786,Caolyn,Waeselynck,1964-01-30,2002-03-25,9999-01-01,Staff
264721,Younwoo,Brattka,1964-07-01,2001-02-15,9999-01-01,Senior Engineer
265180,Leif,Pena,1964-09-13,2000-05-05,9999-01-01,Staff
265580,Remco,Szemeredi,1964-06-10,2001-02-07,9999-01-01,Staff
266035,Panayotis,Ranta,1964-09-02,2001-05-13,9999-01-01,Senior Engineer
266899,Aksel,Lanteri,1964-09-19,2000-07-19,9999-01-01,Senior Staff
267654,Zhiwei,Murtafg,1964-12-13,2000-01-29,9999-01-01,Staff
267981,Kazuhisa,Masaki,1964-04-02,2001-11-25,9999-01-01,Senior Staff
267999,Mack,Pargas,1964-09-16,2001-05-22,9999-01-01,Staff
268193,Guadalupe,Siepmann,1964-07-05,2000-01-06,9999-01-01,Senior Staff
268622,Weidon,Shihab,1964-06-07,2000-03-02,9999-01-01,Engineer
268715,Jaewoo,Peyn,1964-07-13,2001-05-25,9999-01-01,Staff
269966,Arra,Vadhan,1964-10-11,2000-12-20,9999-01-01,Senior Staff
269983,Oguz,Narwekar,1964-10-10,2000-01-02,9999-01-01,Staff
270071,Ung,Parveen,1964-08-18,2001-04-14,9999-01-01,Staff
270137,Otilia,Luby,1964-10-01,2001-06-13,9999-01-01,Senior Staff
270446,Christfried,Krybus,1964-12-06,2000-12-10,9999-01-01,Senior Staff
270751,Mansur,Cochrane,1964-12-05,2000-01-17,9999-01-01,Staff
272301,Chenxi,Roohalamini,1964-02-07,2000-09-15,9999-01-01,Engineer
272387,Guozhong,Schwabacher,1964-11-23,2001-01-12,9999-01-01,Engineer
272920,Kristina,Kalloufi,1964-08-22,2001-11-22,9999-01-01,Senior Engineer
274703,Youjian,Hockney,1964-07-12,2000-08-12,9999-01-01,Engineer
275058,Zvonko,Buchter,1964-11-22,2000-01-27,9999-01-01,Engineer
275197,Brendon,Yurek,1964-06-10,2000-08-13,9999-01-01,Senior Staff
275416,Tesuya,Gecseg,1964-04-25,2001-11-15,9999-01-01,Senior Staff
276400,Utpal,Pouyioutas,1964-08-28,2001-05-29,9999-01-01,Engineer
277067,Kwangho,Pargas,1964-09-19,2000-01-11,9999-01-01,Staff
277149,Kellie,Spinelli,1964-05-31,2001-11-06,9999-01-01,Senior Staff
277168,Laurentiu,Ramamoorthy,1964-06-17,2002-04-22,9999-01-01,Engineer
277697,Goetz,Marakhovsky,1964-03-03,2000-08-23,9999-01-01,Engineer
277763,Gonzalo,Cappelletti,1964-05-27,2000-12-04,9999-01-01,Engineer
277956,Armond,Staylopatis,1964-04-19,2001-01-17,9999-01-01,Assistant Engineer
278568,Hugo,McAlpine,1964-10-30,2001-07-22,9999-01-01,Senior Staff
278941,Yakkov,Karcich,1964-07-05,2000-01-04,9999-01-01,Staff
279681,Wonhee,Falster,1964-09-15,2002-07-05,9999-01-01,Assistant Engineer
280862,Leen,Sigstam,1964-05-05,2002-02-05,9999-01-01,Senior Staff
281178,Lucien,Murtagh,1964-02-02,2002-05-05,9999-01-01,Senior Engineer
282311,Horward,Sidou,1964-06-05,2001-03-17,9999-01-01,Senior Staff
282475,Marlo,Jiafu,1964-12-03,2001-03-07,9999-01-01,Senior Staff
283645,Sham,Thorensen,1964-06-11,2001-11-25,9999-01-01,Engineer
283735,Yinlin,Porotnikoff,1964-02-21,2000-02-08,9999-01-01,Engineer
283878,Yechiam,Halloran,1964-09-16,2000-03-14,9999-01-01,Engineer
284183,Martins,Talmor,1964-07-29,2000-11-16,9999-01-01,Engineer
284499,Stella,Quittner,1964-05-15,2001-04-16,9999-01-01,Staff
284766,Kwangho,Cairo,1964-06-06,2000-02-04,9999-01-01,Senior Staff
286442,Aamer,Georg,1964-08-04,2000-01-07,9999-01-01,Technique Leader
286689,Ebru,Bellmore,1964-04-18,2000-02-03,9999-01-01,Engineer
287194,Narain,Bashian,1964-01-16,2000-07-08,9999-01-01,Senior Engineer
287525,Leszek,Fontan,1964-04-29,2001-10-14,9999-01-01,Staff
288111,Miomir,Griswold,1964-06-02,2000-01-17,9999-01-01,Senior Engineer
288391,Temple,Zongker,1964-10-07,2000-03-21,9999-01-01,Senior Engineer
288440,Shim,Bael,1964-06-15,2002-06-20,9999-01-01,Staff
289217,Guther,DasSarma,1964-10-01,2001-11-09,9999-01-01,Assistant Engineer
289274,Gino,Shokrollahi,1964-06-10,2000-01-22,9999-01-01,Staff
290308,Sandeepan,Hettesheimer,1964-04-26,2000-01-04,9999-01-01,Engineer
290364,Mads,Wilfing,1964-12-03,2001-12-03,9999-01-01,Engineer
290458,Dayanand,Ratnaker,1964-11-25,2000-09-18,9999-01-01,Engineer
290618,Sastry,Stanfel,1964-02-24,2002-02-16,9999-01-01,Senior Staff
290668,Shigeaki,Maccarone,1964-03-02,2001-07-28,9999-01-01,Senior Staff
290718,Sajjan,Godskesen,1964-11-27,2002-07-24,9999-01-01,Staff
290744,Arnould,Doering,1964-09-20,2002-01-09,9999-01-01,Engineer
290839,Guoxiang,Aamodt,1964-04-14,2001-05-25,9999-01-01,Staff
290889,Xiadong,Jansen,1964-05-23,2000-08-16,9999-01-01,Engineer
291731,Yongdong,Otillio,1964-12-04,2000-06-17,9999-01-01,Staff
292069,Sarita,Ghemri,1964-01-14,2000-06-16,9999-01-01,Senior Engineer
292078,Guozhong,Einsfeld,1964-04-10,2001-02-26,9999-01-01,Technique Leader
292461,Sedat,Fandrianto,1964-12-19,2000-07-28,9999-01-01,Senior Staff
292793,Lokesh,Meszaros,1964-11-18,2000-09-22,9999-01-01,Engineer
293384,Tristan,Laurillard,1964-01-13,2001-02-19,9999-01-01,Technique Leader
293403,Shahid,Versino,1964-07-01,2000-01-04,9999-01-01,Engineer
293791,Yakkov,Dalphin,1964-04-03,2001-09-12,9999-01-01,Assistant Engineer
293948,Lihong,Pero,1964-09-02,2001-09-16,9999-01-01,Technique Leader
294187,Marie,Liesche,1964-10-01,2002-05-22,9999-01-01,Senior Staff
294455,Anestis,Pehl,1964-12-05,2001-08-05,9999-01-01,Staff
294972,Manohar,Kavraki,1964-08-17,2002-06-07,9999-01-01,Senior Engineer
296090,Adel,Kusakabe,1964-02-23,2000-02-10,9999-01-01,Senior Staff
296945,Arvind,Oskamp,1964-05-19,2000-10-23,9999-01-01,Engineer
297083,Mohit,Wielonsky,1964-08-30,2000-01-27,9999-01-01,Senior Staff
297989,Jaana,Serna,1964-02-18,2000-12-20,9999-01-01,Engineer
298809,Hidde,Yetim,1964-07-27,2001-06-04,9999-01-01,Staff
299840,Shimshon,Furedi,1964-03-27,2001-11-18,9999-01-01,Engineer
400143,Salvador,Baik,1964-05-12,2000-10-31,9999-01-01,Staff
400464,Hyuckchul,Picaronny,1964-08-11,2000-01-16,9999-01-01,Staff
402610,Ipke,Litecky,1964-11-25,2001-05-24,9999-01-01,Engineer
404800,Gil,Bharadwaj,1964-01-07,2000-07-16,9999-01-01,Assistant Engineer
405112,Valeri,Varker,1964-10-12,2001-05-18,9999-01-01,Senior Staff
405169,Kasidit,Hutter,1964-07-16,2000-04-21,9999-01-01,Engineer
405206,Carrsten,Biran,1964-07-12,2001-08-14,9999-01-01,Senior Staff
405217,Harjit,Nollmann,1964-05-03,2001-08-27,9999-01-01,Engineer
406513,Luisa,England,1964-06-26,2001-02-23,9999-01-01,Senior Staff
406534,Hiroyasu,Mamelak,1964-01-06,2001-07-07,9999-01-01,Staff
407042,Mong,Wiegley,1964-09-06,2000-01-18,9999-01-01,Staff
407690,Atilio,Kropp,1964-07-04,2001-08-15,9999-01-01,Senior Staff
407707,Martine,Beutelspacher,1964-08-07,2001-01-09,9999-01-01,Senior Engineer
408049,Gererd,Tramer,1964-11-21,2001-01-05,9999-01-01,Senior Staff
408436,Bilhanan,Bressoud,1964-08-02,2000-03-16,9999-01-01,Staff
408681,Goncalo,Schwabacher,1964-05-27,2001-06-30,9999-01-01,Senior Engineer
409251,Bikash,Peron,1964-10-07,2000-08-02,9999-01-01,Senior Staff
409382,Dzung,Gyimothy,1964-02-18,2000-03-14,9999-01-01,Engineer
409587,Baruch,Apsitis,1964-03-31,2000-11-26,9999-01-01,Senior Staff
409641,Lakshmi,Cochrane,1964-04-21,2001-12-03,9999-01-01,Staff
409860,Aris,Desikan,1964-10-16,2001-07-08,9999-01-01,Assistant Engineer
410770,Mang,Rahimi,1964-12-03,2001-06-06,9999-01-01,Engineer
410853,Alejandra,Nergos,1964-11-23,2001-10-23,9999-01-01,Senior Staff
411217,Piyawadee,Sinicrope,1964-12-01,2002-07-12,9999-01-01,Engineer
411630,Radhakrishnan,Murillo,1964-02-25,2002-06-27,9999-01-01,Technique Leader
411899,Toshiko,Marwedel,1964-11-26,2001-12-19,9999-01-01,Engineer
412814,Khalid,Dahlbom,1964-04-27,2001-01-09,9999-01-01,Technique Leader
413123,Dante,Makrucki,1964-03-06,2000-10-21,9999-01-01,Engineer
413845,Mabry,Murthy,1964-09-25,2000-03-07,9999-01-01,Senior Staff
413996,Mohua,Schapire,1964-06-23,2000-01-10,9999-01-01,Senior Staff
414529,Remko,Hiltgen,1964-08-05,2002-01-17,9999-01-01,Engineer
415265,Alain,Birge,1964-04-11,2001-11-13,9999-01-01,Senior Staff
415573,Joydip,Murillo,1964-11-21,2000-11-23,9999-01-01,Senior Staff
415669,Elzbieta,Schlumberger,1964-04-30,2000-11-15,9999-01-01,Engineer
415718,Kristin,Lukaszewicz,1964-07-18,2001-08-26,9999-01-01,Senior Staff
415766,Kamran,Penttonen,1964-12-16,2002-07-23,9999-01-01,Senior Staff
415972,Terresa,Thorensen,1964-05-10,2000-04-14,9999-01-01,Assistant Engineer
416412,Boaz,Famili,1964-02-01,2000-11-29,9999-01-01,Engineer
416910,Yoshinari,Mapelli,1964-10-15,2001-11-12,9999-01-01,Assistant Engineer
417621,Premal,Spinelli,1964-06-08,2002-06-04,9999-01-01,Senior Staff
418435,Makato,Erev,1964-02-22,2000-06-06,9999-01-01,Staff
418875,Elgin,Asser,1964-12-14,2000-06-28,9999-01-01,Senior Staff
419995,Constantijn,Harbusch,1964-02-05,2000-03-07,9999-01-01,Senior Engineer
420503,Francesca,Puppo,1964-04-26,2000-12-23,9999-01-01,Senior Staff
420548,Muneo,Erev,1964-05-09,2000-01-30,9999-01-01,Staff
420568,Subir,Solares,1964-03-16,2001-03-03,9999-01-01,Engineer
420651,Kiyotoshi,Munch,1964-04-21,2001-05-13,9999-01-01,Senior Staff
420920,Atreye,Takkinen,1964-06-30,2000-01-09,9999-01-01,Senior Engineer
420972,Nalini,Portugali,1964-08-09,2000-03-24,9999-01-01,Senior Engineer
421085,Bernardo,Brobst,1964-01-18,2000-01-03,9999-01-01,Engineer
421827,Mariangiola,Kaiser,1964-02-02,2001-01-15,9999-01-01,Engineer
421845,Stevo,Zongker,1964-07-23,2001-03-10,9999-01-01,Senior Staff
421882,Mamdouh,Facello,1964-01-12,2001-05-22,9999-01-01,Assistant Engineer
421919,Menkae,Ranka,1964-06-23,2001-10-25,9999-01-01,Senior Staff
421990,Sariel,Lorin,1964-05-06,2000-11-24,9999-01-01,Staff
422127,Emdad,Kushnir,1964-06-03,2000-01-26,9999-01-01,Staff
422164,Hugo,Ratnaker,1964-03-11,2000-10-04,9999-01-01,Staff
422318,DAIDA,Stanger,1964-04-06,2000-06-23,9999-01-01,Technique Leader
422486,Gor,Bahr,1964-07-28,2001-02-10,9999-01-01,Engineer
423228,Jacopo,Polupanov,1964-12-21,2002-03-02,9999-01-01,Senior Staff
423353,Gregory,Denos,1964-02-15,2000-07-05,9999-01-01,Engineer
423901,Yoshinari,Masada,1964-04-26,2001-10-31,9999-01-01,Engineer
424715,Stafford,Deyuan,1964-01-13,2000-01-17,9999-01-01,Engineer
424743,Qiwen,Mukaidono,1964-09-14,2000-03-31,9999-01-01,Senior Staff
424978,Baocai,Jullig,1964-06-24,2000-01-12,9999-01-01,Senior Staff
425386,Kristof,Shackel,1964-12-25,2002-04-22,9999-01-01,Engineer
425597,Valter,Keirsey,1964-11-11,2000-01-09,9999-01-01,Staff
425859,Lansing,Serov,1964-07-11,2001-03-04,9999-01-01,Engineer
426377,Sangeeta,Conry,1964-05-28,2001-06-04,9999-01-01,Senior Staff
426547,Adamantios,Syrzycki,1964-12-04,2000-08-25,9999-01-01,Engineer
426806,Changho,Yemenis,1964-11-01,2002-01-16,9999-01-01,Senior Staff
426814,Shmuel,Besselaar,1964-07-24,2001-11-03,9999-01-01,Senior Staff
427377,Fatemeh,Servi,1964-03-27,2001-11-18,9999-01-01,Senior Staff
428114,Koldo,Cusworth,1964-04-22,2000-04-29,9999-01-01,Senior Staff
428227,Leon,Salinas,1964-01-09,2002-02-28,9999-01-01,Engineer
428637,Shih,Serre,1964-04-14,2001-12-02,9999-01-01,Assistant Engineer
430599,Berhard,Spinelli,1964-12-13,2001-02-25,9999-01-01,Engineer
431052,Harngdar,Deverell,1964-04-22,2001-09-16,9999-01-01,Engineer
431182,Kiam,Zschoche,1964-12-17,2000-01-04,9999-01-01,Engineer
431684,Nishit,Setlzner,1964-02-07,2001-02-22,9999-01-01,Staff
431875,Teruyuki,Quaggetto,1964-02-21,2002-04-13,9999-01-01,Staff
432024,Rimli,Hiraishi,1964-07-09,2000-09-14,9999-01-01,Engineer
432253,Theron,Hiroyama,1964-08-21,2000-10-28,9999-01-01,Engineer
432736,Adit,Rohrbach,1964-10-25,2000-01-03,9999-01-01,Senior Staff
432746,Hitofumi,Yoshizawa,1964-02-01,2001-04-28,9999-01-01,Staff
432860,Aloys,Rosin,1964-08-23,2001-01-19,9999-01-01,Engineer
434394,Fumitaka,Wroclawski,1964-07-27,2002-02-20,9999-01-01,Engineer
434530,Keiichiro,Stentiford,1964-04-27,2000-09-21,9999-01-01,Staff
434641,Uno,Sooriamurthi,1964-09-05,2000-09-02,9999-01-01,Senior Staff
434779,Yinghua,Czap,1964-08-02,2001-12-13,9999-01-01,Staff
434826,Zito,Androutsos,1964-04-07,2000-03-02,9999-01-01,Senior Staff
435404,Hideyuki,Lipner,1964-09-19,2001-03-08,9999-01-01,Engineer
435508,Constantino,Dulay,1964-07-03,2000-12-08,9999-01-01,Engineer
435767,Susanta,Peha,1964-09-26,2001-06-16,9999-01-01,Staff
435891,Sachin,Cmelik,1964-02-07,2000-08-22,9999-01-01,Senior Staff
435965,Kauko,Felcyn,1964-01-01,2001-05-03,9999-01-01,Senior Staff
436276,Berto,Hammerschmidt,1964-09-09,2000-05-05,9999-01-01,Engineer
436476,Jackson,Ullian,1964-12-31,2002-02-23,9999-01-01,Engineer
436745,Bernd,Fioravanti,1964-10-18,2000-06-17,9999-01-01,Senior Staff
437300,Khun,Luef,1964-11-03,2000-01-02,9999-01-01,Senior Staff
438017,Tze,Swift,1964-06-15,2000-01-08,9999-01-01,Staff
438336,Hausi,Przulj,1964-02-29,2000-01-07,9999-01-01,Engineer
439093,Sushant,Qiwen,1964-05-10,2001-05-24,9999-01-01,Staff
441507,Arunas,Copas,1964-10-29,2000-05-11,9999-01-01,Engineer
441662,Hongzhu,Chenney,1964-02-08,2000-09-20,9999-01-01,Staff
441807,Seshu,Gruenwald,1964-10-05,2001-12-23,9999-01-01,Senior Staff
443277,Remmert,Rande,1964-11-28,2000-09-01,9999-01-01,Senior Engineer
443587,Abdelkader,Bahr,1964-11-06,2001-04-24,9999-01-01,Technique Leader
444273,Chirstian,Birrer,1964-10-16,2000-02-29,9999-01-01,Engineer
444438,Chaoyi,Weedman,1964-03-19,2001-11-19,9999-01-01,Engineer
445782,Kersti,Delaune,1964-05-27,2001-05-16,9999-01-01,Senior Staff
446944,Stamatina,Herber,1964-05-21,2001-12-30,9999-01-01,Senior Staff
447374,Uinam,Chaudhury,1964-11-23,2002-07-07,9999-01-01,Engineer
447911,Jayson,Siprelle,1964-12-24,2000-10-07,9999-01-01,Engineer
447946,Arco,Ligten,1964-07-30,2000-02-28,9999-01-01,Senior Engineer
448100,Baziley,Foote,1964-12-08,2001-03-20,9999-01-01,Engineer
448177,Adib,Wuwongse,1964-07-20,2000-11-08,9999-01-01,Staff
448658,Gal,Baba,1964-12-25,2001-06-30,9999-01-01,Senior Engineer
449120,Valeri,Deverell,1964-08-12,2000-08-23,9999-01-01,Engineer
449808,Ult,Rissanen,1964-10-29,2000-07-11,9999-01-01,Assistant Engineer
450236,Bilhanan,Pezzoli,1964-07-07,2001-08-20,9999-01-01,Staff
450274,Zhiguo,Pews,1964-03-24,2001-09-06,9999-01-01,Senior Staff
450871,Sverrir,Winter,1964-08-21,2001-11-26,9999-01-01,Engineer
450925,Yoshinari,Lung,1964-06-18,2000-09-15,9999-01-01,Engineer
451104,Xuejia,Gecsel,1964-12-03,2000-04-24,9999-01-01,Staff
451568,Elvia,Segond,1964-09-06,2002-05-23,9999-01-01,Engineer
451692,Jiang,Montemayor,1964-06-06,2000-04-07,9999-01-01,Staff
452334,Doowon,Soicher,1964-10-21,2002-05-28,9999-01-01,Senior Staff
452420,Mrinalini,Ossenbruggen,1964-12-09,2001-04-27,9999-01-01,Senior Engineer
452844,Sungwon,Nitta,1964-12-03,2001-07-21,9999-01-01,Senior Staff
452916,Rosalyn,Shinomoto,1964-12-16,2000-01-24,9999-01-01,Senior Staff
453016,Marjo,Schach,1964-10-21,2001-07-11,9999-01-01,Assistant Engineer
453200,Khun,Yurov,1964-06-23,2000-10-03,9999-01-01,Assistant Engineer
453657,Kayoko,Lukaszewicz,1964-01-24,2001-09-02,9999-01-01,Engineer
454064,Gita,Dichev,1964-12-25,2000-02-01,9999-01-01,Senior Staff
454140,Geoffrey,Rettelbach,1964-09-11,2001-09-19,9999-01-01,Senior Staff
454230,Chuanyi,Zongker,1964-08-13,2001-01-15,9999-01-01,Engineer
455234,Akeno,Melski,1964-01-17,2000-02-07,9999-01-01,Technique Leader
456593,Jaroslava,Suppi,1964-08-12,2000-03-03,9999-01-01,Senior Staff
456727,Ung,Passafiume,1964-04-27,2000-01-21,9999-01-01,Staff
456796,Stein,Cyne,1964-08-15,2001-06-01,9999-01-01,Engineer
457183,Stamatina,Sooriamurthi,1964-12-23,2000-01-10,9999-01-01,Engineer
457253,Shietung,Lanphier,1964-06-07,2000-03-21,9999-01-01,Engineer
457404,Yechezkel,Gerteisen,1964-12-22,2002-03-07,9999-01-01,Senior Staff
457439,Kaijung,Berendt,1964-11-13,2000-02-14,9999-01-01,Engineer
457735,Ung,Junet,1964-10-01,2000-02-26,9999-01-01,Staff
458278,Toong,Lichtman,1964-11-04,2001-08-27,9999-01-01,Staff
458607,Jianwen,Varley,1964-02-21,2002-01-31,9999-01-01,Engineer
458839,Lakshmi,Steinauer,1964-10-11,2000-08-25,9999-01-01,Engineer
459002,Shietung,Glowinski,1964-01-17,2000-07-05,9999-01-01,Engineer
459527,Chrisa,Stifter,1964-05-06,2000-01-24,9999-01-01,Engineer
460319,Arvind,Falck,1964-04-12,2001-04-07,9999-01-01,Engineer
460594,Saeed,Munoz,1964-10-17,2001-10-23,9999-01-01,Engineer
460730,Anestis,Luiz,1964-09-19,2001-11-09,9999-01-01,Assistant Engineer
461345,Hilari,Polajnar,1964-03-24,2000-10-14,9999-01-01,Senior Staff
461354,Mohammed,Cooke,1964-04-17,2000-03-09,9999-01-01,Engineer
461407,Bokyung,Makinen,1964-07-09,2000-07-30,9999-01-01,Engineer
461857,Oscar,Ouhyoung,1964-10-20,2001-02-10,9999-01-01,Senior Engineer
462619,Gor,Callaway,1964-03-06,2001-11-10,9999-01-01,Engineer
463996,Przemyslawa,Ballarin,1964-11-15,2002-07-12,9999-01-01,Senior Staff
465010,Ziyad,Emmerich,1964-02-06,2001-08-06,9999-01-01,Engineer
466943,Mayuri,Angelov,1964-04-30,2002-03-07,9999-01-01,Senior Staff
467531,Matk,Zongker,1964-05-15,2001-08-20,9999-01-01,Technique Leader
468080,Kitty,Setlzner,1964-01-19,2002-03-28,9999-01-01,Senior Staff
469113,Seongbae,Matteis,1964-01-18,2000-10-06,9999-01-01,Staff
469309,Janalee,Ponthieu,1964-06-24,2001-01-23,9999-01-01,Senior Staff
469425,Teunis,Kampfer,1964-09-21,2001-04-18,9999-01-01,Staff
469473,Chuanyi,Alameldin,1964-09-20,2001-10-17,9999-01-01,Engineer
470129,Katsuo,Stille,1964-03-19,2000-01-27,9999-01-01,Staff
470134,Heping,Lammel,1964-06-14,2000-07-24,9999-01-01,Engineer
470527,Gadiel,Gruenwald,1964-07-06,2000-01-01,9999-01-01,Staff
470585,Marlo,Dratva,1964-03-15,2000-01-27,9999-01-01,Technique Leader
471146,Georg,Cardazo,1964-04-04,2000-01-22,9999-01-01,Staff
471677,Charmane,Bennet,1964-10-27,2000-04-03,9999-01-01,Senior Staff
471722,Urs,Rathonyi,1964-03-31,2001-02-04,9999-01-01,Staff
472301,DeForest,Brobst,1964-11-05,2000-09-26,9999-01-01,Engineer
472351,Weicheng,Kobara,1964-01-22,2000-01-23,9999-01-01,Staff
472579,Gaetan,Vendrig,1964-12-12,2000-01-03,9999-01-01,Technique Leader
472791,Qiwen,Quittner,1964-12-25,2000-05-13,9999-01-01,Engineer
473364,Kish,Eterovic,1964-04-11,2001-09-23,9999-01-01,Senior Staff
475530,Torsten,Lodder,1964-10-14,2000-07-26,9999-01-01,Senior Staff
475755,Radhakrishnan,Coombs,1964-08-12,2000-06-28,9999-01-01,Engineer
476316,Nirmal,Francisci,1964-09-14,2001-05-29,9999-01-01,Staff
476390,Badri,Camarinopoulos,1964-11-13,2001-07-03,9999-01-01,Engineer
476811,Khalil,Czap,1964-12-31,2000-05-09,9999-01-01,Senior Staff
477024,Jingling,Coors,1964-10-09,2001-07-22,9999-01-01,Senior Engineer
477716,Emran,Casperson,1964-11-07,2001-06-22,9999-01-01,Engineer
478087,Maha,Vecchi,1964-06-22,2001-04-05,9999-01-01,Senior Staff
478307,Mrinalini,Casley,1964-07-29,2001-09-15,9999-01-01,Senior Staff
478386,Udo,Cooley,1964-07-05,2000-09-18,9999-01-01,Senior Engineer
478499,Panayotis,Gist,1964-04-21,2001-05-21,9999-01-01,Engineer
478643,Malu,Stenning,1964-11-05,2001-02-14,9999-01-01,Senior Staff
478824,Koichi,Ressouche,1964-10-14,2000-01-12,9999-01-01,Assistant Engineer
479164,Basil,Pavlopoulou,1964-03-19,2001-01-02,9999-01-01,Engineer
479478,Siamak,Rijsenbrij,1964-02-24,2000-12-28,9999-01-01,Senior Engineer
479777,Sajjad,Milicia,1964-12-18,2001-10-22,9999-01-01,Staff
479838,Filipe,Bellmore,1964-08-22,2000-01-07,9999-01-01,Senior Engineer
480430,Basil,Coombs,1964-03-05,2000-04-17,9999-01-01,Engineer
481053,Elgin,Jiafu,1964-10-28,2001-04-19,9999-01-01,Senior Staff
481169,Vishwani,Zhiwei,1964-02-06,2000-05-08,9999-01-01,Engineer
481488,Oddvar,Ciolek,1964-03-03,2001-05-12,9999-01-01,Engineer
481619,Troy,Magalhaes,1964-11-05,2001-11-30,9999-01-01,Staff
481647,Elvis,Dolinsky,1964-11-11,2000-10-25,9999-01-01,Engineer
482525,Aksel,Boudaillier,1964-04-29,2001-07-22,9999-01-01,Staff
482792,Charlene,Passino,1964-06-28,2001-04-14,9999-01-01,Senior Staff
482956,Laurentiu,Fiebach,1964-10-15,2001-07-03,9999-01-01,Senior Staff
483689,Lijie,Valiente,1964-12-22,2000-03-02,9999-01-01,Engineer
484759,Chrisa,Marciano,1964-03-23,2000-01-11,9999-01-01,Technique Leader
485809,Macha,Bressoud,1964-07-19,2000-04-20,9999-01-01,Staff
485854,Yunming,Baby,1964-03-26,2002-05-16,9999-01-01,Senior Staff
486698,Rildo,Kleiser,1964-03-26,2001-08-06,9999-01-01,Senior Staff
487097,Gen,Lieblein,1964-05-03,2000-01-09,9999-01-01,Staff
487126,Vasilis,Rusmann,1964-02-10,2001-04-17,9999-01-01,Engineer
487334,Navid,Munch,1964-05-31,2002-05-02,9999-01-01,Engineer
488170,Laurentiu,Wrigley,1964-03-02,2000-08-18,9999-01-01,Staff
488363,Lucian,Mersereau,1964-01-24,2000-06-22,9999-01-01,Senior Engineer
488720,Shaunak,Vrecion,1964-08-12,2001-02-18,9999-01-01,Engineer
488773,Tremaine,Skrikant,1964-05-12,2001-03-01,9999-01-01,Senior Staff
488947,Rafols,Brandsma,1964-12-01,2000-05-03,9999-01-01,Engineer
491138,Shahid,Waleschkowski,1964-07-21,2001-03-06,9999-01-01,Senior Engineer
491205,Ioana,Kuszyk,1964-01-12,2000-05-07,9999-01-01,Staff
492461,Chiranjit,Rahimi,1964-04-27,2000-11-04,9999-01-01,Staff
492807,Shigenori,Cangellaris,1964-09-18,2000-10-08,9999-01-01,Senior Staff
493076,Fox,Baer,1964-02-27,2002-06-06,9999-01-01,Senior Staff
493520,Yongmao,Sambasivam,1964-03-27,2001-05-28,9999-01-01,Staff
493769,Atreye,Billingsley,1964-09-16,2002-05-23,9999-01-01,Engineer
493858,Teruyuki,Luff,1964-04-08,2000-01-25,9999-01-01,Technique Leader
494165,Jianhao,Luck,1964-07-10,2001-04-25,9999-01-01,Engineer
494382,Pragnesh,Ernst,1964-09-28,2000-01-09,9999-01-01,Engineer
495263,Ewing,Pluym,1964-07-01,2002-07-11,9999-01-01,Staff
495483,Tristan,Panwar,1964-02-13,2002-04-13,9999-01-01,Assistant Engineer
495660,Evgueni,Smailagic,1964-09-19,2002-01-26,9999-01-01,Engineer
495968,Kamran,Hofstetter,1964-06-16,2000-07-13,9999-01-01,Engineer
495986,Shaibal,Stamatiou,1964-03-11,2002-06-28,9999-01-01,Senior Staff
496885,Takushi,Malinowski,1964-08-12,2000-02-25,9999-01-01,Senior Engineer
496955,Howell,Sidou,1964-08-30,2002-06-16,9999-01-01,Staff
496964,Nathan,Mandelberg,1964-09-07,2002-03-22,9999-01-01,Senior Staff
496999,Hsiangchu,Bridgland,1964-03-03,2000-09-21,9999-01-01,Staff
497327,Martien,Menhardt,1964-01-04,2001-06-09,9999-01-01,Staff
497401,Bokyung,Reutenauer,1964-02-25,2001-02-22,9999-01-01,Senior Staff
498767,Hironobu,Ghandeharizadeh,1964-11-15,2000-09-09,9999-01-01,Engineer
499136,Thodoros,Simkin,1964-11-27,2000-06-28,9999-01-01,Senior Engineer
499604,Mario,Zschoche,1964-09-06,2002-06-30,9999-01-01,Engineer
